codigo,coordenada_e,coordenada_n,motivo
FHV-V-0188,811893.08,7674924.31,"X fora do range (200000-800000): 811893.08; Y fora do range (7000000-7500000): 7674924.31"
FHV-V-0191,811893.08,7674924.31,"X fora do range (200000-800000): 811893.08; Y fora do range (7000000-7500000): 7674924.31"
FHV-V-0847,811893.08,7674924.31,"X fora do range (200000-800000): 811893.08; Y fora do range (7000000-7500000): 7674924.31"
FHV-V-0848,811893.08,7674924.31,"X fora do range (200000-800000): 811893.08; Y fora do range (7000000-7500000): 7674924.31"
FHV-V-0850,811893.08,7674924.31,"X fora do range (200000-800000): 811893.08; Y fora do range (7000000-7500000): 7674924.31"
FHV-V-0851,811893.08,7674924.31,"X fora do range (200000-800000): 811893.08; Y fora do range (7000000-7500000): 7674924.31"
FHV-V-1035,811893.08,7674924.31,"X fora do range (200000-800000): 811893.08; Y fora do range (7000000-7500000): 7674924.31"
FHV-V-1036,811893.08,7674924.31,"X fora do range (200000-800000): 811893.08; Y fora do range (7000000-7500000): 7674924.31"
FHV-V-1037,811893.08,7674924.31,"X fora do range (200000-800000): 811893.08; Y fora do range (7000000-7500000): 7674924.31"
FHV-V-1038,811893.08,7674924.31,"X fora do range (200000-800000): 811893.08; Y fora do range (7000000-7500000): 7674924.31"
FHV-V-1039,811893.08,7674924.31,"X fora do range (200000-800000): 811893.08; Y fora do range (7000000-7500000): 7674924.31"
FHV-V-1040,811893.08,7674924.31,"X fora do range (200000-800000): 811893.08; Y fora do range (7000000-7500000): 7674924.31"
FHV-V-1041,811893.08,7674924.31,"X fora do range (200000-800000): 811893.08; Y fora do range (7000000-7500000): 7674924.31"
FHV-V-1042,811893.08,7674924.31,"X fora do range (200000-800000): 811893.08; Y fora do range (7000000-7500000): 7674924.31"
FHV-V-1043,811893.08,7674924.31,"X fora do range (200000-800000): 811893.08; Y fora do range (7000000-7500000): 7674924.31"
FHV-V-1044,811893.08,7674924.31,"X fora do range (200000-800000): 811893.08; Y fora do range (7000000-7500000): 7674924.31"
FHV-V-1045,811893.08,7674924.31,"X fora do range (200000-800000): 811893.08; Y fora do range (7000000-7500000): 7674924.31"
FHV-V-1046,811893.08,7674924.31,"X fora do range (200000-800000): 811893.08; Y fora do range (7000000-7500000): 7674924.31"
FHV-V-1047,811893.08,7674924.31,"X fora do range (200000-800000): 811893.08; Y fora do range (7000000-7500000): 7674924.31"
FHV-V-1048,811893.08,7674924.31,"X fora do range (200000-800000): 811893.08; Y fora do range (7000000-7500000): 7674924.31"
FHV-V-1049,811893.08,7674924.31,"X fora do range (200000-800000): 811893.08; Y fora do range (7000000-7500000): 7674924.31"
FHV-V-1114,811893.08,7674924.31,"X fora do range (200000-800000): 811893.08; Y fora do range (7000000-7500000): 7674924.31"
FHV-V-1115,811893.08,7674924.31,"X fora do range (200000-800000): 811893.08; Y fora do range (7000000-7500000): 7674924.31"
FHV-V-1116,811893.08,7674924.31,"X fora do range (200000-800000): 811893.08; Y fora do range (7000000-7500000): 7674924.31"
FHV-V-1653,811893.08,7674924.31,"X fora do range (200000-800000): 811893.08; Y fora do range (7000000-7500000): 7674924.31"
FHV-V-1654,811893.08,7674924.31,"X fora do range (200000-800000): 811893.08; Y fora do range (7000000-7500000): 7674924.31"
FHV-V-1655,811893.08,7674924.31,"X fora do range (200000-800000): 811893.08; Y fora do range (7000000-7500000): 7674924.31"
FHV-V-1656,811893.08,7674924.31,"X fora do range (200000-800000): 811893.08; Y fora do range (7000000-7500000): 7674924.31"
FHV-V-1657,811893.08,7674924.31,"X fora do range (200000-800000): 811893.08; Y fora do range (7000000-7500000): 7674924.31"
FHV-V-1658,811893.08,7674924.31,"X fora do range (200000-800000): 811893.08; Y fora do range (7000000-7500000): 7674924.31"
FHV-V-1659,811893.08,7674924.31,"X fora do range (200000-800000): 811893.08; Y fora do range (7000000-7500000): 7674924.31"
FHV-V-1660,811893.08,7674924.31,"X fora do range (200000-800000): 811893.08; Y fora do range (7000000-7500000): 7674924.31"
FHV-V-1661,811893.08,7674924.31,"X fora do range (200000-800000): 811893.08; Y fora do range (7000000-7500000): 7674924.31"
FHV-V-1662,811893.08,7674924.31,"X fora do range (200000-800000): 811893.08; Y fora do range (7000000-7500000): 7674924.31"
FHV-V-1663,811893.08,7674924.31,"X fora do range (200000-800000): 811893.08; Y fora do range (7000000-7500000): 7674924.31"
FHV-V-1664,811893.08,7674924.31,"X fora do range (200000-800000): 811893.08; Y fora do range (7000000-7500000): 7674924.31"
FHV-V-1665,811893.08,7674924.31,"X fora do range (200000-800000): 811893.08; Y fora do range (7000000-7500000): 7674924.31"
FHV-V-1666,811893.08,7674924.31,"X fora do range (200000-800000): 811893.08; Y fora do range (7000000-7500000): 7674924.31"
FHV-V-1667,811893.08,7674924.31,"X fora do range (200000-800000): 811893.08; Y fora do range (7000000-7500000): 7674924.31"
FHV-V-1668,811893.08,7674924.31,"X fora do range (200000-800000): 811893.08; Y fora do range (7000000-7500000): 7674924.31"
FHV-V-1669,811893.08,7674924.31,"X fora do range (200000-800000): 811893.08; Y fora do range (7000000-7500000): 7674924.31"
FHV-V-1670,811893.08,7674924.31,"X fora do range (200000-800000): 811893.08; Y fora do range (7000000-7500000): 7674924.31"
FHV-V-1671,811893.08,7674924.31,"X fora do range (200000-800000): 811893.08; Y fora do range (7000000-7500000): 7674924.31"
FHV-V-1672,811893.08,7674924.31,"X fora do range (200000-800000): 811893.08; Y fora do range (7000000-7500000): 7674924.31"
FHV-V-1673,811893.08,7674924.31,"X fora do range (200000-800000): 811893.08; Y fora do range (7000000-7500000): 7674924.31"
FHV-V-1674,811893.08,7674924.31,"X fora do range (200000-800000): 811893.08; Y fora do range (7000000-7500000): 7674924.31"
FHV-V-1675,811893.08,7674924.31,"X fora do range (200000-800000): 811893.08; Y fora do range (7000000-7500000): 7674924.31"
FHV-V-1676,811893.08,7674924.31,"X fora do range (200000-800000): 811893.08; Y fora do range (7000000-7500000): 7674924.31"
FHV-V-1677,811893.08,7674924.31,"X fora do range (200000-800000): 811893.08; Y fora do range (7000000-7500000): 7674924.31"
FHV-V-1678,811893.08,7674924.31,"X fora do range (200000-800000): 811893.08; Y fora do range (7000000-7500000): 7674924.31"
FHV-V-1679,811893.08,7674924.31,"X fora do range (200000-800000): 811893.08; Y fora do range (7000000-7500000): 7674924.31"
FHV-V-1680,811893.08,7674924.31,"X fora do range (200000-800000): 811893.08; Y fora do range (7000000-7500000): 7674924.31"
FHV-V-1681,811893.08,7674924.31,"X fora do range (200000-800000): 811893.08; Y fora do range (7000000-7500000): 7674924.31"
FHV-V-1682,811893.08,7674924.31,"X fora do range (200000-800000): 811893.08; Y fora do range (7000000-7500000): 7674924.31"
FHV-V-1683,811893.08,7674924.31,"X fora do range (200000-800000): 811893.08; Y fora do range (7000000-7500000): 7674924.31"
FHV-V-1684,811893.08,7674924.31,"X fora do range (200000-800000): 811893.08; Y fora do range (7000000-7500000): 7674924.31"
FHV-V-1685,811893.08,7674924.31,"X fora do range (200000-800000): 811893.08; Y fora do range (7000000-7500000): 7674924.31"
FHV-V-1686,811893.08,7674924.31,"X fora do range (200000-800000): 811893.08; Y fora do range (7000000-7500000): 7674924.31"
FHV-V-1687,811893.08,7674924.31,"X fora do range (200000-800000): 811893.08; Y fora do range (7000000-7500000): 7674924.31"
FHV-V-1688,811893.08,7674924.31,"X fora do range (200000-800000): 811893.08; Y fora do range (7000000-7500000): 7674924.31"
FHV-V-1689,811893.08,7674924.31,"X fora do range (200000-800000): 811893.08; Y fora do range (7000000-7500000): 7674924.31"
FHV-V-1720,811893.08,7674924.31,"X fora do range (200000-800000): 811893.08; Y fora do range (7000000-7500000): 7674924.31"
FHV-V-1775,811893.08,7674924.31,"X fora do range (200000-800000): 811893.08; Y fora do range (7000000-7500000): 7674924.31"
FHV-V-1780,811893.08,7674924.31,"X fora do range (200000-800000): 811893.08; Y fora do range (7000000-7500000): 7674924.31"
FHV-V-1781,811893.08,7674924.31,"X fora do range (200000-800000): 811893.08; Y fora do range (7000000-7500000): 7674924.31"
FHV-V-1889,813926.32,7785705.97,"X fora do range (200000-800000): 813926.32; Y fora do range (7000000-7500000): 7785705.97"
FHV-V-1893,811893.08,7674924.31,"X fora do range (200000-800000): 811893.08; Y fora do range (7000000-7500000): 7674924.31"
FHV-M-0191,651122744,7190510.66,"X fora do range (200000-800000): 651122744"
FHV-M-0228,811893.08,7674924.31,"X fora do range (200000-800000): 811893.08; Y fora do range (7000000-7500000): 7674924.31"
FHV-M-0409,811893.08,7674924.31,"X fora do range (200000-800000): 811893.08; Y fora do range (7000000-7500000): 7674924.31"
FHV-M-0456,811893.08,7674924.31,"X fora do range (200000-800000): 811893.08; Y fora do range (7000000-7500000): 7674924.31"
FHV-M-0558,811893.08,7674924.31,"X fora do range (200000-800000): 811893.08; Y fora do range (7000000-7500000): 7674924.31"
FHV-M-0581,811893.08,7674924.31,"X fora do range (200000-800000): 811893.08; Y fora do range (7000000-7500000): 7674924.31"
FHV-M-0583,811893.08,7674924.31,"X fora do range (200000-800000): 811893.08; Y fora do range (7000000-7500000): 7674924.31"
FHV-M-0594,811893.08,7674924.31,"X fora do range (200000-800000): 811893.08; Y fora do range (7000000-7500000): 7674924.31"
FHV-M-0642,813926.32,7785705.97,"X fora do range (200000-800000): 813926.32; Y fora do range (7000000-7500000): 7785705.97"
FHV-M-0774,811893.08,7674924.31,"X fora do range (200000-800000): 811893.08; Y fora do range (7000000-7500000): 7674924.31"
FHV-M-0871,811893.08,7674924.31,"X fora do range (200000-800000): 811893.08; Y fora do range (7000000-7500000): 7674924.31"
FHV-M-1155,811893.08,7674924.31,"X fora do range (200000-800000): 811893.08; Y fora do range (7000000-7500000): 7674924.31"
FHV-M-1158,813926.32,7785705.97,"X fora do range (200000-800000): 813926.32; Y fora do range (7000000-7500000): 7785705.97"
FHV-M-1247,811893.08,7674924.31,"X fora do range (200000-800000): 811893.08; Y fora do range (7000000-7500000): 7674924.31"
FHV-M-1249,811893.08,7674924.31,"X fora do range (200000-800000): 811893.08; Y fora do range (7000000-7500000): 7674924.31"
FHV-M-1257,811893.08,7674924.31,"X fora do range (200000-800000): 811893.08; Y fora do range (7000000-7500000): 7674924.31"
FHV-M-1263,811893.08,7674924.31,"X fora do range (200000-800000): 811893.08; Y fora do range (7000000-7500000): 7674924.31"
FHV-M-1264,811893.08,7674924.31,"X fora do range (200000-800000): 811893.08; Y fora do range (7000000-7500000): 7674924.31"
FHV-M-1350,813926.32,7785705.97,"X fora do range (200000-800000): 813926.32; Y fora do range (7000000-7500000): 7785705.97"
FHV-M-1441,811893.08,7674924.31,"X fora do range (200000-800000): 811893.08; Y fora do range (7000000-7500000): 7674924.31"
FHV-M-1490,811893.08,7674924.31,"X fora do range (200000-800000): 811893.08; Y fora do range (7000000-7500000): 7674924.31"
FHV-M-1714,811893.08,7674924.31,"X fora do range (200000-800000): 811893.08; Y fora do range (7000000-7500000): 7674924.31"
FHV-M-1715,811893.08,7674924.31,"X fora do range (200000-800000): 811893.08; Y fora do range (7000000-7500000): 7674924.31"
FHV-M-1721,811893.08,7674924.31,"X fora do range (200000-800000): 811893.08; Y fora do range (7000000-7500000): 7674924.31"
FHV-M-1751,811893.08,7674924.31,"X fora do range (200000-800000): 811893.08; Y fora do range (7000000-7500000): 7674924.31"
FHV-M-1766,811893.08,7674924.31,"X fora do range (200000-800000): 811893.08; Y fora do range (7000000-7500000): 7674924.31"
FHV-M-1801,811893.08,7674924.31,"X fora do range (200000-800000): 811893.08; Y fora do range (7000000-7500000): 7674924.31"
FHV-M-1870,811893.08,7674924.31,"X fora do range (200000-800000): 811893.08; Y fora do range (7000000-7500000): 7674924.31"
FHV-M-1882,811893.08,7674924.31,"X fora do range (200000-800000): 811893.08; Y fora do range (7000000-7500000): 7674924.31"
FHV-M-1972,811893.08,7674924.31,"X fora do range (200000-800000): 811893.08; Y fora do range (7000000-7500000): 7674924.31"
FHV-M-2206,811893.08,7674924.31,"X fora do range (200000-800000): 811893.08; Y fora do range (7000000-7500000): 7674924.31"
FHV-M-2249,811893.08,7674924.31,"X fora do range (200000-800000): 811893.08; Y fora do range (7000000-7500000): 7674924.31"
FHV-M-2311,811893.08,7674924.31,"X fora do range (200000-800000): 811893.08; Y fora do range (7000000-7500000): 7674924.31"
FHV-M-2319,811893.08,7674924.31,"X fora do range (200000-800000): 811893.08; Y fora do range (7000000-7500000): 7674924.31"
FHV-M-2355,811893.08,7674924.31,"X fora do range (200000-800000): 811893.08; Y fora do range (7000000-7500000): 7674924.31"
FHV-M-2359,811893.08,7674924.31,"X fora do range (200000-800000): 811893.08; Y fora do range (7000000-7500000): 7674924.31"
FHV-M-2377,811893.08,7674924.31,"X fora do range (200000-800000): 811893.08; Y fora do range (7000000-7500000): 7674924.31"
FHV-M-2390,811893.08,7674924.31,"X fora do range (200000-800000): 811893.08; Y fora do range (7000000-7500000): 7674924.31"
FHV-M-2412,811893.08,7674924.31,"X fora do range (200000-800000): 811893.08; Y fora do range (7000000-7500000): 7674924.31"
FHV-M-2413,811893.08,7674924.31,"X fora do range (200000-800000): 811893.08; Y fora do range (7000000-7500000): 7674924.31"
FHV-M-2427,811893.08,7674924.31,"X fora do range (200000-800000): 811893.08; Y fora do range (7000000-7500000): 7674924.31"
FHV-M-2437,811893.08,7674924.31,"X fora do range (200000-800000): 811893.08; Y fora do range (7000000-7500000): 7674924.31"
FHV-M-2502,811893.08,7674924.31,"X fora do range (200000-800000): 811893.08; Y fora do range (7000000-7500000): 7674924.31"
FHV-M-2508,811893.08,7674924.31,"X fora do range (200000-800000): 811893.08; Y fora do range (7000000-7500000): 7674924.31"
FHV-M-2510,811893.08,7674924.31,"X fora do range (200000-800000): 811893.08; Y fora do range (7000000-7500000): 7674924.31"
FHV-M-2511,811893.08,7674924.31,"X fora do range (200000-800000): 811893.08; Y fora do range (7000000-7500000): 7674924.31"
FHV-M-2517,811893.08,7674924.31,"X fora do range (200000-800000): 811893.08; Y fora do range (7000000-7500000): 7674924.31"
FHV-M-2518,811893.08,7674924.31,"X fora do range (200000-800000): 811893.08; Y fora do range (7000000-7500000): 7674924.31"
FHV-M-2519,811893.08,7674924.31,"X fora do range (200000-800000): 811893.08; Y fora do range (7000000-7500000): 7674924.31"
FHV-M-2522,811893.08,7674924.31,"X fora do range (200000-800000): 811893.08; Y fora do range (7000000-7500000): 7674924.31"
FHV-M-2536,811893.08,7674924.31,"X fora do range (200000-800000): 811893.08; Y fora do range (7000000-7500000): 7674924.31"
FHV-M-2538,811893.08,7674924.31,"X fora do range (200000-800000): 811893.08; Y fora do range (7000000-7500000): 7674924.31"
FHV-M-2566,811893.08,7674924.31,"X fora do range (200000-800000): 811893.08; Y fora do range (7000000-7500000): 7674924.31"
FHV-M-2598,811893.08,7674924.31,"X fora do range (200000-800000): 811893.08; Y fora do range (7000000-7500000): 7674924.31"
FHV-M-2620,811893.08,7674924.31,"X fora do range (200000-800000): 811893.08; Y fora do range (7000000-7500000): 7674924.31"
FHV-M-2622,811893.08,7674924.31,"X fora do range (200000-800000): 811893.08; Y fora do range (7000000-7500000): 7674924.31"
FHV-M-2686,811893.08,7674924.31,"X fora do range (200000-800000): 811893.08; Y fora do range (7000000-7500000): 7674924.31"
FHV-M-2690,811893.08,7674924.31,"X fora do range (200000-800000): 811893.08; Y fora do range (7000000-7500000): 7674924.31"
FHV-M-2718,811893.08,7674924.31,"X fora do range (200000-800000): 811893.08; Y fora do range (7000000-7500000): 7674924.31"
FHV-M-2725,811893.08,7674924.31,"X fora do range (200000-800000): 811893.08; Y fora do range (7000000-7500000): 7674924.31"
FHV-M-2730,811893.08,7674924.31,"X fora do range (200000-800000): 811893.08; Y fora do range (7000000-7500000): 7674924.31"
FHV-M-2734,811893.08,7674924.31,"X fora do range (200000-800000): 811893.08; Y fora do range (7000000-7500000): 7674924.31"
FHV-M-2755,811893.08,7674924.31,"X fora do range (200000-800000): 811893.08; Y fora do range (7000000-7500000): 7674924.31"
FHV-M-2758,811893.08,7674924.31,"X fora do range (200000-800000): 811893.08; Y fora do range (7000000-7500000): 7674924.31"
FHV-M-2759,811893.08,7674924.31,"X fora do range (200000-800000): 811893.08; Y fora do range (7000000-7500000): 7674924.31"
FHV-M-2763,811893.08,7674924.31,"X fora do range (200000-800000): 811893.08; Y fora do range (7000000-7500000): 7674924.31"
FHV-M-2766,811893.08,7674924.31,"X fora do range (200000-800000): 811893.08; Y fora do range (7000000-7500000): 7674924.31"
FHV-M-2768,811893.08,7674924.31,"X fora do range (200000-800000): 811893.08; Y fora do range (7000000-7500000): 7674924.31"
FHV-M-2773,811893.08,7674924.31,"X fora do range (200000-800000): 811893.08; Y fora do range (7000000-7500000): 7674924.31"
FHV-M-2782,811893.08,7674924.31,"X fora do range (200000-800000): 811893.08; Y fora do range (7000000-7500000): 7674924.31"
FHV-M-2787,811893.08,7674924.31,"X fora do range (200000-800000): 811893.08; Y fora do range (7000000-7500000): 7674924.31"
FHV-M-2794,811893.08,7674924.31,"X fora do range (200000-800000): 811893.08; Y fora do range (7000000-7500000): 7674924.31"
FHV-M-2797,811893.08,7674924.31,"X fora do range (200000-800000): 811893.08; Y fora do range (7000000-7500000): 7674924.31"
FHV-M-2831,811893.08,7674924.31,"X fora do range (200000-800000): 811893.08; Y fora do range (7000000-7500000): 7674924.31"
FHV-M-2902,811893.08,7674924.31,"X fora do range (200000-800000): 811893.08; Y fora do range (7000000-7500000): 7674924.31"
FHV-M-2911,811893.08,7674924.31,"X fora do range (200000-800000): 811893.08; Y fora do range (7000000-7500000): 7674924.31"
FHV-M-2915,811893.08,7674924.31,"X fora do range (200000-800000): 811893.08; Y fora do range (7000000-7500000): 7674924.31"
FHV-M-2917,811893.08,7674924.31,"X fora do range (200000-800000): 811893.08; Y fora do range (7000000-7500000): 7674924.31"
FHV-M-2921,811893.08,7674924.31,"X fora do range (200000-800000): 811893.08; Y fora do range (7000000-7500000): 7674924.31"
FHV-M-2922,811893.08,7674924.31,"X fora do range (200000-800000): 811893.08; Y fora do range (7000000-7500000): 7674924.31"
FHV-M-2925,811893.08,7674924.31,"X fora do range (200000-800000): 811893.08; Y fora do range (7000000-7500000): 7674924.31"
FHV-M-2933,811893.08,7674924.31,"X fora do range (200000-800000): 811893.08; Y fora do range (7000000-7500000): 7674924.31"
FHV-M-2962,811893.08,7674924.31,"X fora do range (200000-800000): 811893.08; Y fora do range (7000000-7500000): 7674924.31"
FHV-M-2981,811893.08,7674924.31,"X fora do range (200000-800000): 811893.08; Y fora do range (7000000-7500000): 7674924.31"
FHV-M-2989,811893.08,7674924.31,"X fora do range (200000-800000): 811893.08; Y fora do range (7000000-7500000): 7674924.31"
FHV-M-2992,811893.08,7674924.31,"X fora do range (200000-800000): 811893.08; Y fora do range (7000000-7500000): 7674924.31"
FHV-M-2999,811893.08,7674924.31,"X fora do range (200000-800000): 811893.08; Y fora do range (7000000-7500000): 7674924.31"
FHV-M-3071,811893.08,7674924.31,"X fora do range (200000-800000): 811893.08; Y fora do range (7000000-7500000): 7674924.31"
FHV-M-3089,811893.08,7674924.31,"X fora do range (200000-800000): 811893.08; Y fora do range (7000000-7500000): 7674924.31"
FHV-M-3214,811893.08,7674924.31,"X fora do range (200000-800000): 811893.08; Y fora do range (7000000-7500000): 7674924.31"
FHV-M-3238,811893.08,7674924.31,"X fora do range (200000-800000): 811893.08; Y fora do range (7000000-7500000): 7674924.31"
FHV-M-3242,813926.32,7785705.97,"X fora do range (200000-800000): 813926.32; Y fora do range (7000000-7500000): 7785705.97"
FHV-M-3260,811893.08,7674924.31,"X fora do range (200000-800000): 811893.08; Y fora do range (7000000-7500000): 7674924.31"
FHV-M-3352,811893.08,7674924.31,"X fora do range (200000-800000): 811893.08; Y fora do range (7000000-7500000): 7674924.31"
FHV-M-3359,811893.08,7674924.31,"X fora do range (200000-800000): 811893.08; Y fora do range (7000000-7500000): 7674924.31"
FHV-M-3362,811893.08,7674924.31,"X fora do range (200000-800000): 811893.08; Y fora do range (7000000-7500000): 7674924.31"
FHV-M-3365,811893.08,7674924.31,"X fora do range (200000-800000): 811893.08; Y fora do range (7000000-7500000): 7674924.31"
FHV-M-3367,811893.08,7674924.31,"X fora do range (200000-800000): 811893.08; Y fora do range (7000000-7500000): 7674924.31"
FHV-M-3384,811893.08,7674924.31,"X fora do range (200000-800000): 811893.08; Y fora do range (7000000-7500000): 7674924.31"
FHV-M-3402,811893.08,7674924.31,"X fora do range (200000-800000): 811893.08; Y fora do range (7000000-7500000): 7674924.31"
FHV-M-3415,811893.08,7674924.31,"X fora do range (200000-800000): 811893.08; Y fora do range (7000000-7500000): 7674924.31"
FHV-M-3433,811893.08,7674924.31,"X fora do range (200000-800000): 811893.08; Y fora do range (7000000-7500000): 7674924.31"
FHV-M-3435,811893.08,7674924.31,"X fora do range (200000-800000): 811893.08; Y fora do range (7000000-7500000): 7674924.31"
FHV-M-3501,811893.08,7674924.31,"X fora do range (200000-800000): 811893.08; Y fora do range (7000000-7500000): 7674924.31"
FHV-M-3508,811893.08,7674924.31,"X fora do range (200000-800000): 811893.08; Y fora do range (7000000-7500000): 7674924.31"
FHV-M-3514,811893.08,7674924.31,"X fora do range (200000-800000): 811893.08; Y fora do range (7000000-7500000): 7674924.31"
FHV-M-3560,651290931,7190526.7,"X fora do range (200000-800000): 651290931"
FHV-M-3566,811893.08,7674924.31,"X fora do range (200000-800000): 811893.08; Y fora do range (7000000-7500000): 7674924.31"
FHV-M-3572,811893.08,7674924.31,"X fora do range (200000-800000): 811893.08; Y fora do range (7000000-7500000): 7674924.31"
FHV-M-3579,651462.03,7190543947,"Y fora do range (7000000-7500000): 7190543947"
FHV-M-3585,811893.08,7674924.31,"X fora do range (200000-800000): 811893.08; Y fora do range (7000000-7500000): 7674924.31"
FHV-M-3590,811893.08,7674924.31,"X fora do range (200000-800000): 811893.08; Y fora do range (7000000-7500000): 7674924.31"
FHV-M-3595,811893.08,7674924.31,"X fora do range (200000-800000): 811893.08; Y fora do range (7000000-7500000): 7674924.31"
FHV-M-3601,811893.08,7674924.31,"X fora do range (200000-800000): 811893.08; Y fora do range (7000000-7500000): 7674924.31"
FHV-M-3609,811893.08,7674924.31,"X fora do range (200000-800000): 811893.08; Y fora do range (7000000-7500000): 7674924.31"
FHV-M-3626,811893.08,7674924.31,"X fora do range (200000-800000): 811893.08; Y fora do range (7000000-7500000): 7674924.31"
FHV-M-3635,811893.08,7674924.31,"X fora do range (200000-800000): 811893.08; Y fora do range (7000000-7500000): 7674924.31"
FHV-M-3696,811893.08,7674924.31,"X fora do range (200000-800000): 811893.08; Y fora do range (7000000-7500000): 7674924.31"
FHV-M-3702,811893.08,7674924.31,"X fora do range (200000-800000): 811893.08; Y fora do range (7000000-7500000): 7674924.31"
FHV-M-3703,811893.08,7674924.31,"X fora do range (200000-800000): 811893.08; Y fora do range (7000000-7500000): 7674924.31"
FHV-M-3708,811893.08,7674924.31,"X fora do range (200000-800000): 811893.08; Y fora do range (7000000-7500000): 7674924.31"
FHV-M-3715,811893.08,7674924.31,"X fora do range (200000-800000): 811893.08; Y fora do range (7000000-7500000): 7674924.31"
FHV-M-3717,811893.08,7674924.31,"X fora do range (200000-800000): 811893.08; Y fora do range (7000000-7500000): 7674924.31"
FHV-M-3719,811893.08,7674924.31,"X fora do range (200000-800000): 811893.08; Y fora do range (7000000-7500000): 7674924.31"
FHV-M-3737,811893.08,7674924.31,"X fora do range (200000-800000): 811893.08; Y fora do range (7000000-7500000): 7674924.31"
FHV-M-3749,811893.08,7674924.31,"X fora do range (200000-800000): 811893.08; Y fora do range (7000000-7500000): 7674924.31"
FHV-M-3822,811893.08,7674924.31,"X fora do range (200000-800000): 811893.08; Y fora do range (7000000-7500000): 7674924.31"
FHV-M-3839,811893.08,7674924.31,"X fora do range (200000-800000): 811893.08; Y fora do range (7000000-7500000): 7674924.31"
FHV-M-3844,811893.08,7674924.31,"X fora do range (200000-800000): 811893.08; Y fora do range (7000000-7500000): 7674924.31"
FHV-M-3917,811893.08,7674924.31,"X fora do range (200000-800000): 811893.08; Y fora do range (7000000-7500000): 7674924.31"
FHV-M-4009,811893.08,7674924.31,"X fora do range (200000-800000): 811893.08; Y fora do range (7000000-7500000): 7674924.31"
FHV-M-4017,811893.08,7674924.31,"X fora do range (200000-800000): 811893.08; Y fora do range (7000000-7500000): 7674924.31"
FHV-M-4018,811893.08,7674924.31,"X fora do range (200000-800000): 811893.08; Y fora do range (7000000-7500000): 7674924.31"
FHV-M-4020,811893.08,7674924.31,"X fora do range (200000-800000): 811893.08; Y fora do range (7000000-7500000): 7674924.31"
FHV-M-4021,811893.08,7674924.31,"X fora do range (200000-800000): 811893.08; Y fora do range (7000000-7500000): 7674924.31"
FHV-M-4025,811893.08,7674924.31,"X fora do range (200000-800000): 811893.08; Y fora do range (7000000-7500000): 7674924.31"
FHV-M-4028,811893.08,7674924.31,"X fora do range (200000-800000): 811893.08; Y fora do range (7000000-7500000): 7674924.31"
FHV-M-4032,811893.08,7674924.31,"X fora do range (200000-800000): 811893.08; Y fora do range (7000000-7500000): 7674924.31"
FHV-M-4036,811893.08,7674924.31,"X fora do range (200000-800000): 811893.08; Y fora do range (7000000-7500000): 7674924.31"
FHV-M-4040,811893.08,7674924.31,"X fora do range (200000-800000): 811893.08; Y fora do range (7000000-7500000): 7674924.31"
FHV-M-4042,811893.08,7674924.31,"X fora do range (200000-800000): 811893.08; Y fora do range (7000000-7500000): 7674924.31"
FHV-M-4043,811893.08,7674924.31,"X fora do range (200000-800000): 811893.08; Y fora do range (7000000-7500000): 7674924.31"
FHV-M-4047,811893.08,7674924.31,"X fora do range (200000-800000): 811893.08; Y fora do range (7000000-7500000): 7674924.31"
FHV-M-4049,811893.08,7674924.31,"X fora do range (200000-800000): 811893.08; Y fora do range (7000000-7500000): 7674924.31"
FHV-M-4068,811893.08,7674924.31,"X fora do range (200000-800000): 811893.08; Y fora do range (7000000-7500000): 7674924.31"
FHV-M-4077,811893.08,7674924.31,"X fora do range (200000-800000): 811893.08; Y fora do range (7000000-7500000): 7674924.31"
FHV-M-4082,811893.08,7674924.31,"X fora do range (200000-800000): 811893.08; Y fora do range (7000000-7500000): 7674924.31"
FHV-M-4093,811893.08,7674924.31,"X fora do range (200000-800000): 811893.08; Y fora do range (7000000-7500000): 7674924.31"
FHV-M-4097,811893.08,7674924.31,"X fora do range (200000-800000): 811893.08; Y fora do range (7000000-7500000): 7674924.31"
FHV-M-4099,811893.08,7674924.31,"X fora do range (200000-800000): 811893.08; Y fora do range (7000000-7500000): 7674924.31"
FHV-M-4155,811893.08,7674924.31,"X fora do range (200000-800000): 811893.08; Y fora do range (7000000-7500000): 7674924.31"
FHV-M-4156,811893.08,7674924.31,"X fora do range (200000-800000): 811893.08; Y fora do range (7000000-7500000): 7674924.31"
FHV-M-4159,811893.08,7674924.31,"X fora do range (200000-800000): 811893.08; Y fora do range (7000000-7500000): 7674924.31"
FHV-M-4162,811893.08,7674924.31,"X fora do range (200000-800000): 811893.08; Y fora do range (7000000-7500000): 7674924.31"
FHV-M-4188,811893.08,7674924.31,"X fora do range (200000-800000): 811893.08; Y fora do range (7000000-7500000): 7674924.31"
FHV-M-4198,811893.08,7674924.31,"X fora do range (200000-800000): 811893.08; Y fora do range (7000000-7500000): 7674924.31"
FHV-M-4200,811893.08,7674924.31,"X fora do range (200000-800000): 811893.08; Y fora do range (7000000-7500000): 7674924.31"
FHV-M-4202,811893.08,7674924.31,"X fora do range (200000-800000): 811893.08; Y fora do range (7000000-7500000): 7674924.31"
FHV-M-4209,811893.08,7674924.31,"X fora do range (200000-800000): 811893.08; Y fora do range (7000000-7500000): 7674924.31"
FHV-M-4233,811893.08,7674924.31,"X fora do range (200000-800000): 811893.08; Y fora do range (7000000-7500000): 7674924.31"
FHV-M-4235,811893.08,7674924.31,"X fora do range (200000-800000): 811893.08; Y fora do range (7000000-7500000): 7674924.31"
FHV-M-4249,811893.08,7674924.31,"X fora do range (200000-800000): 811893.08; Y fora do range (7000000-7500000): 7674924.31"
FHV-M-4338,811893.08,7674924.31,"X fora do range (200000-800000): 811893.08; Y fora do range (7000000-7500000): 7674924.31"
FHV-M-4402,811893.08,7674924.31,"X fora do range (200000-800000): 811893.08; Y fora do range (7000000-7500000): 7674924.31"
FHV-M-4405,811893.08,7674924.31,"X fora do range (200000-800000): 811893.08; Y fora do range (7000000-7500000): 7674924.31"
FHV-M-4406,811893.08,7674924.31,"X fora do range (200000-800000): 811893.08; Y fora do range (7000000-7500000): 7674924.31"
FHV-M-4408,811893.08,7674924.31,"X fora do range (200000-800000): 811893.08; Y fora do range (7000000-7500000): 7674924.31"
FHV-M-4411,811893.08,7674924.31,"X fora do range (200000-800000): 811893.08; Y fora do range (7000000-7500000): 7674924.31"
FHV-M-4412,811893.08,7674924.31,"X fora do range (200000-800000): 811893.08; Y fora do range (7000000-7500000): 7674924.31"
FHV-M-4417,811893.08,7674924.31,"X fora do range (200000-800000): 811893.08; Y fora do range (7000000-7500000): 7674924.31"
FHV-M-4418,811893.08,7674924.31,"X fora do range (200000-800000): 811893.08; Y fora do range (7000000-7500000): 7674924.31"
FHV-M-4420,811893.08,7674924.31,"X fora do range (200000-800000): 811893.08; Y fora do range (7000000-7500000): 7674924.31"
FHV-M-4421,811893.08,7674924.31,"X fora do range (200000-800000): 811893.08; Y fora do range (7000000-7500000): 7674924.31"
FHV-M-4424,811893.08,7674924.31,"X fora do range (200000-800000): 811893.08; Y fora do range (7000000-7500000): 7674924.31"
FHV-M-4435,811893.08,7674924.31,"X fora do range (200000-800000): 811893.08; Y fora do range (7000000-7500000): 7674924.31"
FHV-M-4436,811893.08,7674924.31,"X fora do range (200000-800000): 811893.08; Y fora do range (7000000-7500000): 7674924.31"
FHV-M-4438,811893.08,7674924.31,"X fora do range (200000-800000): 811893.08; Y fora do range (7000000-7500000): 7674924.31"
FHV-M-4439,811893.08,7674924.31,"X fora do range (200000-800000): 811893.08; Y fora do range (7000000-7500000): 7674924.31"
FHV-M-4440,811893.08,7674924.31,"X fora do range (200000-800000): 811893.08; Y fora do range (7000000-7500000): 7674924.31"
FHV-M-4443,811893.08,7674924.31,"X fora do range (200000-800000): 811893.08; Y fora do range (7000000-7500000): 7674924.31"
FHV-M-4542,811893.08,7674924.31,"X fora do range (200000-800000): 811893.08; Y fora do range (7000000-7500000): 7674924.31"
FHV-M-4577,811893.08,7674924.31,"X fora do range (200000-800000): 811893.08; Y fora do range (7000000-7500000): 7674924.31"
FHV-M-4588,811893.08,7674924.31,"X fora do range (200000-800000): 811893.08; Y fora do range (7000000-7500000): 7674924.31"
FHV-M-4609,811893.08,7674924.31,"X fora do range (200000-800000): 811893.08; Y fora do range (7000000-7500000): 7674924.31"
FHV-M-4623,811893.08,7674924.31,"X fora do range (200000-800000): 811893.08; Y fora do range (7000000-7500000): 7674924.31"
FHV-M-4624,811893.08,7674924.31,"X fora do range (200000-800000): 811893.08; Y fora do range (7000000-7500000): 7674924.31"
FHV-M-4627,811893.08,7674924.31,"X fora do range (200000-800000): 811893.08; Y fora do range (7000000-7500000): 7674924.31"
FHV-M-4635,811893.08,7674924.31,"X fora do range (200000-800000): 811893.08; Y fora do range (7000000-7500000): 7674924.31"
FHV-M-4643,811893.08,7674924.31,"X fora do range (200000-800000): 811893.08; Y fora do range (7000000-7500000): 7674924.31"
FHV-M-4684,811893.08,7674924.31,"X fora do range (200000-800000): 811893.08; Y fora do range (7000000-7500000): 7674924.31"
FHV-M-4685,811893.08,7674924.31,"X fora do range (200000-800000): 811893.08; Y fora do range (7000000-7500000): 7674924.31"
FHV-M-4688,811893.08,7674924.31,"X fora do range (200000-800000): 811893.08; Y fora do range (7000000-7500000): 7674924.31"
FHV-M-4689,811893.08,7674924.31,"X fora do range (200000-800000): 811893.08; Y fora do range (7000000-7500000): 7674924.31"
FHV-M-4691,811893.08,7674924.31,"X fora do range (200000-800000): 811893.08; Y fora do range (7000000-7500000): 7674924.31"
FHV-M-4819,811893.08,7674924.31,"X fora do range (200000-800000): 811893.08; Y fora do range (7000000-7500000): 7674924.31"
FHV-M-4833,811893.08,7674924.31,"X fora do range (200000-800000): 811893.08; Y fora do range (7000000-7500000): 7674924.31"
FHV-M-4933,811893.08,7674924.31,"X fora do range (200000-800000): 811893.08; Y fora do range (7000000-7500000): 7674924.31"
FHV-M-4941,811893.08,7674924.31,"X fora do range (200000-800000): 811893.08; Y fora do range (7000000-7500000): 7674924.31"
FHV-M-4946,811893.08,7674924.31,"X fora do range (200000-800000): 811893.08; Y fora do range (7000000-7500000): 7674924.31"
FHV-M-5265,811893.08,7674924.31,"X fora do range (200000-800000): 811893.08; Y fora do range (7000000-7500000): 7674924.31"
FHV-M-5276,811893.08,7674924.31,"X fora do range (200000-800000): 811893.08; Y fora do range (7000000-7500000): 7674924.31"
FHV-M-5323,811893.08,7674924.31,"X fora do range (200000-800000): 811893.08; Y fora do range (7000000-7500000): 7674924.31"
FHV-M-5405,813926.32,7785705.97,"X fora do range (200000-800000): 813926.32; Y fora do range (7000000-7500000): 7785705.97"
FHV-M-5601,811893.08,7674924.31,"X fora do range (200000-800000): 811893.08; Y fora do range (7000000-7500000): 7674924.31"
FHV-M-5607,811893.08,7674924.31,"X fora do range (200000-800000): 811893.08; Y fora do range (7000000-7500000): 7674924.31"
FHV-M-5609,811893.08,7674924.31,"X fora do range (200000-800000): 811893.08; Y fora do range (7000000-7500000): 7674924.31"
FHV-M-5778,811893.08,7674924.31,"X fora do range (200000-800000): 811893.08; Y fora do range (7000000-7500000): 7674924.31"
FHV-M-5808,811893.08,7674924.31,"X fora do range (200000-800000): 811893.08; Y fora do range (7000000-7500000): 7674924.31"
FHV-M-5809,811893.08,7674924.31,"X fora do range (200000-800000): 811893.08; Y fora do range (7000000-7500000): 7674924.31"
FHV-M-5825,813926.32,7785705.97,"X fora do range (200000-800000): 813926.32; Y fora do range (7000000-7500000): 7785705.97"
FHV-M-5849,811893.08,7674924.31,"X fora do range (200000-800000): 811893.08; Y fora do range (7000000-7500000): 7674924.31"
FHV-M-6151,811893.08,7674924.31,"X fora do range (200000-800000): 811893.08; Y fora do range (7000000-7500000): 7674924.31"
FHV-M-6186,811893.08,7674924.31,"X fora do range (200000-800000): 811893.08; Y fora do range (7000000-7500000): 7674924.31"
FHV-P-0290,6507138951,7191974703,"Y fora do range (7000000-7500000): 7191974703"
FHV-P-0364,811893.08,7674924.31,"X fora do range (200000-800000): 811893.08; Y fora do range (7000000-7500000): 7674924.31"
FHV-P-0365,811893.08,7674924.31,"X fora do range (200000-800000): 811893.08; Y fora do range (7000000-7500000): 7674924.31"
FHV-P-0700,811893.08,7674924.31,"X fora do range (200000-800000): 811893.08; Y fora do range (7000000-7500000): 7674924.31"
FHV-P-0701,811893.08,7674924.31,"X fora do range (200000-800000): 811893.08; Y fora do range (7000000-7500000): 7674924.31"
FHV-P-0702,811893.08,7674924.31,"X fora do range (200000-800000): 811893.08; Y fora do range (7000000-7500000): 7674924.31"
FHV-P-0703,811893.08,7674924.31,"X fora do range (200000-800000): 811893.08; Y fora do range (7000000-7500000): 7674924.31"
FHV-P-0704,811893.08,7674924.31,"X fora do range (200000-800000): 811893.08; Y fora do range (7000000-7500000): 7674924.31"
FHV-P-0705,811893.08,7674924.31,"X fora do range (200000-800000): 811893.08; Y fora do range (7000000-7500000): 7674924.31"
FHV-P-0706,811893.08,7674924.31,"X fora do range (200000-800000): 811893.08; Y fora do range (7000000-7500000): 7674924.31"
FHV-P-0710,811893.08,7674924.31,"X fora do range (200000-800000): 811893.08; Y fora do range (7000000-7500000): 7674924.31"
FHV-P-0711,811893.08,7674924.31,"X fora do range (200000-800000): 811893.08; Y fora do range (7000000-7500000): 7674924.31"
FHV-P-0712,811893.08,7674924.31,"X fora do range (200000-800000): 811893.08; Y fora do range (7000000-7500000): 7674924.31"
FHV-P-0713,811893.08,7674924.31,"X fora do range (200000-800000): 811893.08; Y fora do range (7000000-7500000): 7674924.31"
FHV-P-0716,811893.08,7674924.31,"X fora do range (200000-800000): 811893.08; Y fora do range (7000000-7500000): 7674924.31"
FHV-P-0717,811893.08,7674924.31,"X fora do range (200000-800000): 811893.08; Y fora do range (7000000-7500000): 7674924.31"
FHV-P-0718,811893.08,7674924.31,"X fora do range (200000-800000): 811893.08; Y fora do range (7000000-7500000): 7674924.31"
FHV-P-0719,811893.08,7674924.31,"X fora do range (200000-800000): 811893.08; Y fora do range (7000000-7500000): 7674924.31"
FHV-P-0720,811893.08,7674924.31,"X fora do range (200000-800000): 811893.08; Y fora do range (7000000-7500000): 7674924.31"
FHV-P-0721,811893.08,7674924.31,"X fora do range (200000-800000): 811893.08; Y fora do range (7000000-7500000): 7674924.31"
FHV-P-0725,811893.08,7674924.31,"X fora do range (200000-800000): 811893.08; Y fora do range (7000000-7500000): 7674924.31"
FHV-P-0750,811893.08,7674924.31,"X fora do range (200000-800000): 811893.08; Y fora do range (7000000-7500000): 7674924.31"
FHV-P-0751,811893.08,7674924.31,"X fora do range (200000-800000): 811893.08; Y fora do range (7000000-7500000): 7674924.31"
FHV-P-0752,811893.08,7674924.31,"X fora do range (200000-800000): 811893.08; Y fora do range (7000000-7500000): 7674924.31"
FHV-P-0753,811893.08,7674924.31,"X fora do range (200000-800000): 811893.08; Y fora do range (7000000-7500000): 7674924.31"
FHV-P-0754,811893.08,7674924.31,"X fora do range (200000-800000): 811893.08; Y fora do range (7000000-7500000): 7674924.31"
FHV-P-0755,811893.08,7674924.31,"X fora do range (200000-800000): 811893.08; Y fora do range (7000000-7500000): 7674924.31"
FHV-P-0756,811893.08,7674924.31,"X fora do range (200000-800000): 811893.08; Y fora do range (7000000-7500000): 7674924.31"
FHV-P-0757,811893.08,7674924.31,"X fora do range (200000-800000): 811893.08; Y fora do range (7000000-7500000): 7674924.31"
FHV-P-0758,811893.08,7674924.31,"X fora do range (200000-800000): 811893.08; Y fora do range (7000000-7500000): 7674924.31"
FHV-P-0900,811893.08,7674924.31,"X fora do range (200000-800000): 811893.08; Y fora do range (7000000-7500000): 7674924.31"
FHV-P-0909,811893.08,7674924.31,"X fora do range (200000-800000): 811893.08; Y fora do range (7000000-7500000): 7674924.31"
FHV-P-0911,811893.08,7674924.31,"X fora do range (200000-800000): 811893.08; Y fora do range (7000000-7500000): 7674924.31"
FHV-P-0912,811893.08,7674924.31,"X fora do range (200000-800000): 811893.08; Y fora do range (7000000-7500000): 7674924.31"
FHV-P-0913,811893.08,7674924.31,"X fora do range (200000-800000): 811893.08; Y fora do range (7000000-7500000): 7674924.31"
FHV-P-0922,811893.08,7674924.31,"X fora do range (200000-800000): 811893.08; Y fora do range (7000000-7500000): 7674924.31"
FHV-P-0923,811893.08,7674924.31,"X fora do range (200000-800000): 811893.08; Y fora do range (7000000-7500000): 7674924.31"
FHV-P-0924,811893.08,7674924.31,"X fora do range (200000-800000): 811893.08; Y fora do range (7000000-7500000): 7674924.31"
FHV-P-0927,811893.08,7674924.31,"X fora do range (200000-800000): 811893.08; Y fora do range (7000000-7500000): 7674924.31"
FHV-P-0928,811893.08,7674924.31,"X fora do range (200000-800000): 811893.08; Y fora do range (7000000-7500000): 7674924.31"
FHV-P-0929,811893.08,7674924.31,"X fora do range (200000-800000): 811893.08; Y fora do range (7000000-7500000): 7674924.31"
FHV-P-0930,811893.08,7674924.31,"X fora do range (200000-800000): 811893.08; Y fora do range (7000000-7500000): 7674924.31"
FHV-P-0931,811893.08,7674924.31,"X fora do range (200000-800000): 811893.08; Y fora do range (7000000-7500000): 7674924.31"
FHV-P-0932,811893.08,7674924.31,"X fora do range (200000-800000): 811893.08; Y fora do range (7000000-7500000): 7674924.31"
FHV-P-0933,811893.08,7674924.31,"X fora do range (200000-800000): 811893.08; Y fora do range (7000000-7500000): 7674924.31"
FHV-P-0934,811893.08,7674924.31,"X fora do range (200000-800000): 811893.08; Y fora do range (7000000-7500000): 7674924.31"
FHV-P-0935,811893.08,7674924.31,"X fora do range (200000-800000): 811893.08; Y fora do range (7000000-7500000): 7674924.31"
FHV-P-0936,811893.08,7674924.31,"X fora do range (200000-800000): 811893.08; Y fora do range (7000000-7500000): 7674924.31"
FHV-P-0937,811893.08,7674924.31,"X fora do range (200000-800000): 811893.08; Y fora do range (7000000-7500000): 7674924.31"
FHV-P-0938,811893.08,7674924.31,"X fora do range (200000-800000): 811893.08; Y fora do range (7000000-7500000): 7674924.31"
FHV-P-0939,811893.08,7674924.31,"X fora do range (200000-800000): 811893.08; Y fora do range (7000000-7500000): 7674924.31"
FHV-P-0940,811893.08,7674924.31,"X fora do range (200000-800000): 811893.08; Y fora do range (7000000-7500000): 7674924.31"
FHV-P-1083,811893.08,7674924.31,"X fora do range (200000-800000): 811893.08; Y fora do range (7000000-7500000): 7674924.31"
FHV-P-1150,811893.08,7674924.31,"X fora do range (200000-800000): 811893.08; Y fora do range (7000000-7500000): 7674924.31"
FHV-P-1195,811893.08,7674924.31,"X fora do range (200000-800000): 811893.08; Y fora do range (7000000-7500000): 7674924.31"
FHV-P-1272,811893.08,7674924.31,"X fora do range (200000-800000): 811893.08; Y fora do range (7000000-7500000): 7674924.31"
FHV-P-1362,811893.08,7674924.31,"X fora do range (200000-800000): 811893.08; Y fora do range (7000000-7500000): 7674924.31"
FHV-P-1363,811893.08,7674924.31,"X fora do range (200000-800000): 811893.08; Y fora do range (7000000-7500000): 7674924.31"
FHV-P-1369,811893.08,7674924.31,"X fora do range (200000-800000): 811893.08; Y fora do range (7000000-7500000): 7674924.31"
FHV-P-1385,811893.08,7674924.31,"X fora do range (200000-800000): 811893.08; Y fora do range (7000000-7500000): 7674924.31"
FHV-P-1386,811893.08,7674924.31,"X fora do range (200000-800000): 811893.08; Y fora do range (7000000-7500000): 7674924.31"
FHV-P-1465,811893.08,7674924.31,"X fora do range (200000-800000): 811893.08; Y fora do range (7000000-7500000): 7674924.31"
FHV-P-1467,811893.08,7674924.31,"X fora do range (200000-800000): 811893.08; Y fora do range (7000000-7500000): 7674924.31"
FHV-P-1480,811893.08,7674924.31,"X fora do range (200000-800000): 811893.08; Y fora do range (7000000-7500000): 7674924.31"
FHV-P-1560,811893.08,7674924.31,"X fora do range (200000-800000): 811893.08; Y fora do range (7000000-7500000): 7674924.31"
FHV-P-1561,811893.08,7674924.31,"X fora do range (200000-800000): 811893.08; Y fora do range (7000000-7500000): 7674924.31"
FHV-P-1562,811893.08,7674924.31,"X fora do range (200000-800000): 811893.08; Y fora do range (7000000-7500000): 7674924.31"
FHV-P-1564,811893.08,7674924.31,"X fora do range (200000-800000): 811893.08; Y fora do range (7000000-7500000): 7674924.31"
FHV-P-1894,811893.08,7674924.31,"X fora do range (200000-800000): 811893.08; Y fora do range (7000000-7500000): 7674924.31"
FHV-P-1895,811893.08,7674924.31,"X fora do range (200000-800000): 811893.08; Y fora do range (7000000-7500000): 7674924.31"
FHV-P-1896,811893.08,7674924.31,"X fora do range (200000-800000): 811893.08; Y fora do range (7000000-7500000): 7674924.31"
FHV-P-1897,811893.08,7674924.31,"X fora do range (200000-800000): 811893.08; Y fora do range (7000000-7500000): 7674924.31"
FHV-P-1898,811893.08,7674924.31,"X fora do range (200000-800000): 811893.08; Y fora do range (7000000-7500000): 7674924.31"
FHV-P-1899,811893.08,7674924.31,"X fora do range (200000-800000): 811893.08; Y fora do range (7000000-7500000): 7674924.31"
FHV-P-1900,811893.08,7674924.31,"X fora do range (200000-800000): 811893.08; Y fora do range (7000000-7500000): 7674924.31"
FHV-P-1901,811893.08,7674924.31,"X fora do range (200000-800000): 811893.08; Y fora do range (7000000-7500000): 7674924.31"
FHV-P-1902,811893.08,7674924.31,"X fora do range (200000-800000): 811893.08; Y fora do range (7000000-7500000): 7674924.31"
FHV-P-1903,811893.08,7674924.31,"X fora do range (200000-800000): 811893.08; Y fora do range (7000000-7500000): 7674924.31"
FHV-P-1980,811893.08,7674924.31,"X fora do range (200000-800000): 811893.08; Y fora do range (7000000-7500000): 7674924.31"
FHV-P-2010,811893.08,7674924.31,"X fora do range (200000-800000): 811893.08; Y fora do range (7000000-7500000): 7674924.31"
FHV-P-2042,811893.08,7674924.31,"X fora do range (200000-800000): 811893.08; Y fora do range (7000000-7500000): 7674924.31"
FHV-P-2043,811893.08,7674924.31,"X fora do range (200000-800000): 811893.08; Y fora do range (7000000-7500000): 7674924.31"
FHV-P-2044,811893.08,7674924.31,"X fora do range (200000-800000): 811893.08; Y fora do range (7000000-7500000): 7674924.31"
FHV-P-2045,811893.08,7674924.31,"X fora do range (200000-800000): 811893.08; Y fora do range (7000000-7500000): 7674924.31"
FHV-P-2046,811893.08,7674924.31,"X fora do range (200000-800000): 811893.08; Y fora do range (7000000-7500000): 7674924.31"
FHV-P-2047,811893.08,7674924.31,"X fora do range (200000-800000): 811893.08; Y fora do range (7000000-7500000): 7674924.31"
FHV-P-2048,811893.08,7674924.31,"X fora do range (200000-800000): 811893.08; Y fora do range (7000000-7500000): 7674924.31"
FHV-P-2070,811893.08,7674924.31,"X fora do range (200000-800000): 811893.08; Y fora do range (7000000-7500000): 7674924.31"
FHV-P-2084,811893.08,7674924.31,"X fora do range (200000-800000): 811893.08; Y fora do range (7000000-7500000): 7674924.31"
FHV-P-2085,811893.08,7674924.31,"X fora do range (200000-800000): 811893.08; Y fora do range (7000000-7500000): 7674924.31"
FHV-P-2090,811893.08,7674924.31,"X fora do range (200000-800000): 811893.08; Y fora do range (7000000-7500000): 7674924.31"
FHV-P-2091,811893.08,7674924.31,"X fora do range (200000-800000): 811893.08; Y fora do range (7000000-7500000): 7674924.31"
FHV-P-2092,811893.08,7674924.31,"X fora do range (200000-800000): 811893.08; Y fora do range (7000000-7500000): 7674924.31"
FHV-P-2097,811893.08,7674924.31,"X fora do range (200000-800000): 811893.08; Y fora do range (7000000-7500000): 7674924.31"
FHV-P-2098,811893.08,7674924.31,"X fora do range (200000-800000): 811893.08; Y fora do range (7000000-7500000): 7674924.31"
FHV-P-2099,811893.08,7674924.31,"X fora do range (200000-800000): 811893.08; Y fora do range (7000000-7500000): 7674924.31"
FHV-P-2100,811893.08,7674924.31,"X fora do range (200000-800000): 811893.08; Y fora do range (7000000-7500000): 7674924.31"
FHV-P-2101,811893.08,7674924.31,"X fora do range (200000-800000): 811893.08; Y fora do range (7000000-7500000): 7674924.31"
FHV-P-2102,811893.08,7674924.31,"X fora do range (200000-800000): 811893.08; Y fora do range (7000000-7500000): 7674924.31"
FHV-P-2103,811893.08,7674924.31,"X fora do range (200000-800000): 811893.08; Y fora do range (7000000-7500000): 7674924.31"
FHV-P-2236,811893.08,7674924.31,"X fora do range (200000-800000): 811893.08; Y fora do range (7000000-7500000): 7674924.31"
FHV-P-5280,811893.08,7674924.31,"X fora do range (200000-800000): 811893.08; Y fora do range (7000000-7500000): 7674924.31"
FHV-P-5281,811893.08,7674924.31,"X fora do range (200000-800000): 811893.08; Y fora do range (7000000-7500000): 7674924.31"
FHV-P-5282,811893.08,7674924.31,"X fora do range (200000-800000): 811893.08; Y fora do range (7000000-7500000): 7674924.31"
FHV-P-5283,811893.08,7674924.31,"X fora do range (200000-800000): 811893.08; Y fora do range (7000000-7500000): 7674924.31"
FHV-P-5284,811893.08,7674924.31,"X fora do range (200000-800000): 811893.08; Y fora do range (7000000-7500000): 7674924.31"
FHV-P-5285,811893.08,7674924.31,"X fora do range (200000-800000): 811893.08; Y fora do range (7000000-7500000): 7674924.31"
FHV-P-5286,811893.08,7674924.31,"X fora do range (200000-800000): 811893.08; Y fora do range (7000000-7500000): 7674924.31"
FHV-P-5287,811893.08,7674924.31,"X fora do range (200000-800000): 811893.08; Y fora do range (7000000-7500000): 7674924.31"
FHV-P-5288,811893.08,7674924.31,"X fora do range (200000-800000): 811893.08; Y fora do range (7000000-7500000): 7674924.31"
FHV-P-5289,811893.08,7674924.31,"X fora do range (200000-800000): 811893.08; Y fora do range (7000000-7500000): 7674924.31"
FHV-P-5290,811893.08,7674924.31,"X fora do range (200000-800000): 811893.08; Y fora do range (7000000-7500000): 7674924.31"
FHV-P-5291,811893.08,7674924.31,"X fora do range (200000-800000): 811893.08; Y fora do range (7000000-7500000): 7674924.31"
FHV-P-5292,811893.08,7674924.31,"X fora do range (200000-800000): 811893.08; Y fora do range (7000000-7500000): 7674924.31"
FHV-P-5293,811893.08,7674924.31,"X fora do range (200000-800000): 811893.08; Y fora do range (7000000-7500000): 7674924.31"
FHV-P-5294,811893.08,7674924.31,"X fora do range (200000-800000): 811893.08; Y fora do range (7000000-7500000): 7674924.31"
FHV-P-5295,811893.08,7674924.31,"X fora do range (200000-800000): 811893.08; Y fora do range (7000000-7500000): 7674924.31"
FHV-P-5296,811893.08,7674924.31,"X fora do range (200000-800000): 811893.08; Y fora do range (7000000-7500000): 7674924.31"
FHV-P-5297,811893.08,7674924.31,"X fora do range (200000-800000): 811893.08; Y fora do range (7000000-7500000): 7674924.31"
FHV-P-5298,811893.08,7674924.31,"X fora do range (200000-800000): 811893.08; Y fora do range (7000000-7500000): 7674924.31"
FHV-P-5299,811893.08,7674924.31,"X fora do range (200000-800000): 811893.08; Y fora do range (7000000-7500000): 7674924.31"
FHV-P-5300,811893.08,7674924.31,"X fora do range (200000-800000): 811893.08; Y fora do range (7000000-7500000): 7674924.31"
FHV-P-5301,811893.08,7674924.31,"X fora do range (200000-800000): 811893.08; Y fora do range (7000000-7500000): 7674924.31"
FHV-P-5302,811893.08,7674924.31,"X fora do range (200000-800000): 811893.08; Y fora do range (7000000-7500000): 7674924.31"
FHV-P-5303,811893.08,7674924.31,"X fora do range (200000-800000): 811893.08; Y fora do range (7000000-7500000): 7674924.31"
FHV-P-5304,811893.08,7674924.31,"X fora do range (200000-800000): 811893.08; Y fora do range (7000000-7500000): 7674924.31"
FHV-P-5312,811893.08,7674924.31,"X fora do range (200000-800000): 811893.08; Y fora do range (7000000-7500000): 7674924.31"
FHV-P-5313,811893.08,7674924.31,"X fora do range (200000-800000): 811893.08; Y fora do range (7000000-7500000): 7674924.31"
FHV-P-5314,811893.08,7674924.31,"X fora do range (200000-800000): 811893.08; Y fora do range (7000000-7500000): 7674924.31"
FHV-P-5315,811893.08,7674924.31,"X fora do range (200000-800000): 811893.08; Y fora do range (7000000-7500000): 7674924.31"
FHV-P-5316,811893.08,7674924.31,"X fora do range (200000-800000): 811893.08; Y fora do range (7000000-7500000): 7674924.31"
FHV-P-5317,811893.08,7674924.31,"X fora do range (200000-800000): 811893.08; Y fora do range (7000000-7500000): 7674924.31"
FHV-P-5318,811893.08,7674924.31,"X fora do range (200000-800000): 811893.08; Y fora do range (7000000-7500000): 7674924.31"
FHV-P-5319,811893.08,7674924.31,"X fora do range (200000-800000): 811893.08; Y fora do range (7000000-7500000): 7674924.31"
FHV-P-5320,811893.08,7674924.31,"X fora do range (200000-800000): 811893.08; Y fora do range (7000000-7500000): 7674924.31"
FHV-P-5321,811893.08,7674924.31,"X fora do range (200000-800000): 811893.08; Y fora do range (7000000-7500000): 7674924.31"
FHV-P-5322,811893.08,7674924.31,"X fora do range (200000-800000): 811893.08; Y fora do range (7000000-7500000): 7674924.31"
FHV-P-5323,811893.08,7674924.31,"X fora do range (200000-800000): 811893.08; Y fora do range (7000000-7500000): 7674924.31"
FHV-P-5324,811893.08,7674924.31,"X fora do range (200000-800000): 811893.08; Y fora do range (7000000-7500000): 7674924.31"
FHV-P-5325,811893.08,7674924.31,"X fora do range (200000-800000): 811893.08; Y fora do range (7000000-7500000): 7674924.31"
FHV-P-5326,811893.08,7674924.31,"X fora do range (200000-800000): 811893.08; Y fora do range (7000000-7500000): 7674924.31"
FHV-P-5327,811893.08,7674924.31,"X fora do range (200000-800000): 811893.08; Y fora do range (7000000-7500000): 7674924.31"
FHV-P-5328,811893.08,7674924.31,"X fora do range (200000-800000): 811893.08; Y fora do range (7000000-7500000): 7674924.31"
FHV-P-5329,811893.08,7674924.31,"X fora do range (200000-800000): 811893.08; Y fora do range (7000000-7500000): 7674924.31"
FHV-P-5330,811893.08,7674924.31,"X fora do range (200000-800000): 811893.08; Y fora do range (7000000-7500000): 7674924.31"
FHV-P-5331,811893.08,7674924.31,"X fora do range (200000-800000): 811893.08; Y fora do range (7000000-7500000): 7674924.31"
FHV-P-5332,811893.08,7674924.31,"X fora do range (200000-800000): 811893.08; Y fora do range (7000000-7500000): 7674924.31"
FHV-P-5333,811893.08,7674924.31,"X fora do range (200000-800000): 811893.08; Y fora do range (7000000-7500000): 7674924.31"
FHV-P-5334,811893.08,7674924.31,"X fora do range (200000-800000): 811893.08; Y fora do range (7000000-7500000): 7674924.31"
FHV-P-5335,811893.08,7674924.31,"X fora do range (200000-800000): 811893.08; Y fora do range (7000000-7500000): 7674924.31"
FHV-P-5336,811893.08,7674924.31,"X fora do range (200000-800000): 811893.08; Y fora do range (7000000-7500000): 7674924.31"
FHV-P-5337,811893.08,7674924.31,"X fora do range (200000-800000): 811893.08; Y fora do range (7000000-7500000): 7674924.31"
FHV-P-5338,811893.08,7674924.31,"X fora do range (200000-800000): 811893.08; Y fora do range (7000000-7500000): 7674924.31"
FHV-P-5339,811893.08,7674924.31,"X fora do range (200000-800000): 811893.08; Y fora do range (7000000-7500000): 7674924.31"
FHV-P-5340,811893.08,7674924.31,"X fora do range (200000-800000): 811893.08; Y fora do range (7000000-7500000): 7674924.31"
FHV-P-5341,811893.08,7674924.31,"X fora do range (200000-800000): 811893.08; Y fora do range (7000000-7500000): 7674924.31"
FHV-P-5342,811893.08,7674924.31,"X fora do range (200000-800000): 811893.08; Y fora do range (7000000-7500000): 7674924.31"
FHV-P-5343,811893.08,7674924.31,"X fora do range (200000-800000): 811893.08; Y fora do range (7000000-7500000): 7674924.31"
FHV-P-5344,811893.08,7674924.31,"X fora do range (200000-800000): 811893.08; Y fora do range (7000000-7500000): 7674924.31"
FHV-P-5345,811893.08,7674924.31,"X fora do range (200000-800000): 811893.08; Y fora do range (7000000-7500000): 7674924.31"
FHV-P-5346,811893.08,7674924.31,"X fora do range (200000-800000): 811893.08; Y fora do range (7000000-7500000): 7674924.31"
FHV-P-5347,811893.08,7674924.31,"X fora do range (200000-800000): 811893.08; Y fora do range (7000000-7500000): 7674924.31"
FHV-P-5348,811893.08,7674924.31,"X fora do range (200000-800000): 811893.08; Y fora do range (7000000-7500000): 7674924.31"
FHV-P-5349,811893.08,7674924.31,"X fora do range (200000-800000): 811893.08; Y fora do range (7000000-7500000): 7674924.31"
FHV-P-5350,811893.08,7674924.31,"X fora do range (200000-800000): 811893.08; Y fora do range (7000000-7500000): 7674924.31"
FHV-P-5351,811893.08,7674924.31,"X fora do range (200000-800000): 811893.08; Y fora do range (7000000-7500000): 7674924.31"
FHV-P-5352,811893.08,7674924.31,"X fora do range (200000-800000): 811893.08; Y fora do range (7000000-7500000): 7674924.31"
FHV-P-5353,811893.08,7674924.31,"X fora do range (200000-800000): 811893.08; Y fora do range (7000000-7500000): 7674924.31"
FHV-P-5354,811893.08,7674924.31,"X fora do range (200000-800000): 811893.08; Y fora do range (7000000-7500000): 7674924.31"
FHV-P-5355,811893.08,7674924.31,"X fora do range (200000-800000): 811893.08; Y fora do range (7000000-7500000): 7674924.31"
FHV-P-5356,811893.08,7674924.31,"X fora do range (200000-800000): 811893.08; Y fora do range (7000000-7500000): 7674924.31"
FHV-P-5357,811893.08,7674924.31,"X fora do range (200000-800000): 811893.08; Y fora do range (7000000-7500000): 7674924.31"
FHV-P-5358,811893.08,7674924.31,"X fora do range (200000-800000): 811893.08; Y fora do range (7000000-7500000): 7674924.31"
FHV-P-5359,811893.08,7674924.31,"X fora do range (200000-800000): 811893.08; Y fora do range (7000000-7500000): 7674924.31"
FHV-P-5360,811893.08,7674924.31,"X fora do range (200000-800000): 811893.08; Y fora do range (7000000-7500000): 7674924.31"
FHV-P-5361,811893.08,7674924.31,"X fora do range (200000-800000): 811893.08; Y fora do range (7000000-7500000): 7674924.31"
FHV-P-5362,811893.08,7674924.31,"X fora do range (200000-800000): 811893.08; Y fora do range (7000000-7500000): 7674924.31"
FHV-P-5363,811893.08,7674924.31,"X fora do range (200000-800000): 811893.08; Y fora do range (7000000-7500000): 7674924.31"
FHV-P-5364,811893.08,7674924.31,"X fora do range (200000-800000): 811893.08; Y fora do range (7000000-7500000): 7674924.31"
FHV-P-5365,811893.08,7674924.31,"X fora do range (200000-800000): 811893.08; Y fora do range (7000000-7500000): 7674924.31"
FHV-P-5366,811893.08,7674924.31,"X fora do range (200000-800000): 811893.08; Y fora do range (7000000-7500000): 7674924.31"
FHV-P-5367,811893.08,7674924.31,"X fora do range (200000-800000): 811893.08; Y fora do range (7000000-7500000): 7674924.31"
FHV-P-5368,811893.08,7674924.31,"X fora do range (200000-800000): 811893.08; Y fora do range (7000000-7500000): 7674924.31"
FHV-P-5369,811893.08,7674924.31,"X fora do range (200000-800000): 811893.08; Y fora do range (7000000-7500000): 7674924.31"
FHV-P-5370,811893.08,7674924.31,"X fora do range (200000-800000): 811893.08; Y fora do range (7000000-7500000): 7674924.31"
FHV-P-5371,811893.08,7674924.31,"X fora do range (200000-800000): 811893.08; Y fora do range (7000000-7500000): 7674924.31"
FHV-P-5372,811893.08,7674924.31,"X fora do range (200000-800000): 811893.08; Y fora do range (7000000-7500000): 7674924.31"
FHV-P-5373,811893.08,7674924.31,"X fora do range (200000-800000): 811893.08; Y fora do range (7000000-7500000): 7674924.31"
FHV-P-5374,811893.08,7674924.31,"X fora do range (200000-800000): 811893.08; Y fora do range (7000000-7500000): 7674924.31"
FHV-P-5375,811893.08,7674924.31,"X fora do range (200000-800000): 811893.08; Y fora do range (7000000-7500000): 7674924.31"
FHV-P-5376,811893.08,7674924.31,"X fora do range (200000-800000): 811893.08; Y fora do range (7000000-7500000): 7674924.31"
FHV-P-5377,811893.08,7674924.31,"X fora do range (200000-800000): 811893.08; Y fora do range (7000000-7500000): 7674924.31"
FHV-P-5378,811893.08,7674924.31,"X fora do range (200000-800000): 811893.08; Y fora do range (7000000-7500000): 7674924.31"
FHV-P-5379,811893.08,7674924.31,"X fora do range (200000-800000): 811893.08; Y fora do range (7000000-7500000): 7674924.31"
FHV-P-5380,811893.08,7674924.31,"X fora do range (200000-800000): 811893.08; Y fora do range (7000000-7500000): 7674924.31"
FHV-P-5381,811893.08,7674924.31,"X fora do range (200000-800000): 811893.08; Y fora do range (7000000-7500000): 7674924.31"
FHV-P-5382,811893.08,7674924.31,"X fora do range (200000-800000): 811893.08; Y fora do range (7000000-7500000): 7674924.31"
FHV-P-5383,811893.08,7674924.31,"X fora do range (200000-800000): 811893.08; Y fora do range (7000000-7500000): 7674924.31"
FHV-P-5384,811893.08,7674924.31,"X fora do range (200000-800000): 811893.08; Y fora do range (7000000-7500000): 7674924.31"
FHV-P-5385,811893.08,7674924.31,"X fora do range (200000-800000): 811893.08; Y fora do range (7000000-7500000): 7674924.31"
FHV-P-5386,811893.08,7674924.31,"X fora do range (200000-800000): 811893.08; Y fora do range (7000000-7500000): 7674924.31"
FHV-P-5387,811893.08,7674924.31,"X fora do range (200000-800000): 811893.08; Y fora do range (7000000-7500000): 7674924.31"
FHV-P-5388,811893.08,7674924.31,"X fora do range (200000-800000): 811893.08; Y fora do range (7000000-7500000): 7674924.31"
FHV-P-5389,811893.08,7674924.31,"X fora do range (200000-800000): 811893.08; Y fora do range (7000000-7500000): 7674924.31"
FHV-P-5390,811893.08,7674924.31,"X fora do range (200000-800000): 811893.08; Y fora do range (7000000-7500000): 7674924.31"
FHV-P-5391,811893.08,7674924.31,"X fora do range (200000-800000): 811893.08; Y fora do range (7000000-7500000): 7674924.31"
FHV-P-5392,811893.08,7674924.31,"X fora do range (200000-800000): 811893.08; Y fora do range (7000000-7500000): 7674924.31"
FHV-P-5393,811893.08,7674924.31,"X fora do range (200000-800000): 811893.08; Y fora do range (7000000-7500000): 7674924.31"
FHV-P-5394,811893.08,7674924.31,"X fora do range (200000-800000): 811893.08; Y fora do range (7000000-7500000): 7674924.31"
FHV-P-5395,811893.08,7674924.31,"X fora do range (200000-800000): 811893.08; Y fora do range (7000000-7500000): 7674924.31"
FHV-P-5396,811893.08,7674924.31,"X fora do range (200000-800000): 811893.08; Y fora do range (7000000-7500000): 7674924.31"
FHV-P-5397,811893.08,7674924.31,"X fora do range (200000-800000): 811893.08; Y fora do range (7000000-7500000): 7674924.31"
FHV-P-5398,811893.08,7674924.31,"X fora do range (200000-800000): 811893.08; Y fora do range (7000000-7500000): 7674924.31"
FHV-P-5399,811893.08,7674924.31,"X fora do range (200000-800000): 811893.08; Y fora do range (7000000-7500000): 7674924.31"
FHV-P-5414,811893.08,7674924.31,"X fora do range (200000-800000): 811893.08; Y fora do range (7000000-7500000): 7674924.31"
FHV-P-5500,811893.08,7674924.31,"X fora do range (200000-800000): 811893.08; Y fora do range (7000000-7500000): 7674924.31"
FHV-P-5501,811893.08,7674924.31,"X fora do range (200000-800000): 811893.08; Y fora do range (7000000-7500000): 7674924.31"
FHV-P-5502,811893.08,7674924.31,"X fora do range (200000-800000): 811893.08; Y fora do range (7000000-7500000): 7674924.31"
FHV-P-5503,811893.08,7674924.31,"X fora do range (200000-800000): 811893.08; Y fora do range (7000000-7500000): 7674924.31"
FHV-P-5504,811893.08,7674924.31,"X fora do range (200000-800000): 811893.08; Y fora do range (7000000-7500000): 7674924.31"
FHV-P-5505,811893.08,7674924.31,"X fora do range (200000-800000): 811893.08; Y fora do range (7000000-7500000): 7674924.31"
FHV-P-5506,811893.08,7674924.31,"X fora do range (200000-800000): 811893.08; Y fora do range (7000000-7500000): 7674924.31"
FHV-P-5507,811893.08,7674924.31,"X fora do range (200000-800000): 811893.08; Y fora do range (7000000-7500000): 7674924.31"
FHV-P-5508,811893.08,7674924.31,"X fora do range (200000-800000): 811893.08; Y fora do range (7000000-7500000): 7674924.31"
FHV-P-5509,811893.08,7674924.31,"X fora do range (200000-800000): 811893.08; Y fora do range (7000000-7500000): 7674924.31"
FHV-P-5510,811893.08,7674924.31,"X fora do range (200000-800000): 811893.08; Y fora do range (7000000-7500000): 7674924.31"
FHV-P-5511,811893.08,7674924.31,"X fora do range (200000-800000): 811893.08; Y fora do range (7000000-7500000): 7674924.31"
FHV-P-5512,811893.08,7674924.31,"X fora do range (200000-800000): 811893.08; Y fora do range (7000000-7500000): 7674924.31"
FHV-P-5513,811893.08,7674924.31,"X fora do range (200000-800000): 811893.08; Y fora do range (7000000-7500000): 7674924.31"
FHV-P-5514,811893.08,7674924.31,"X fora do range (200000-800000): 811893.08; Y fora do range (7000000-7500000): 7674924.31"
FHV-P-5515,811893.08,7674924.31,"X fora do range (200000-800000): 811893.08; Y fora do range (7000000-7500000): 7674924.31"
FHV-P-5516,811893.08,7674924.31,"X fora do range (200000-800000): 811893.08; Y fora do range (7000000-7500000): 7674924.31"
FHV-P-5519,811893.08,7674924.31,"X fora do range (200000-800000): 811893.08; Y fora do range (7000000-7500000): 7674924.31"
FHV-P-5520,811893.08,7674924.31,"X fora do range (200000-800000): 811893.08; Y fora do range (7000000-7500000): 7674924.31"
FHV-P-5522,811893.08,7674924.31,"X fora do range (200000-800000): 811893.08; Y fora do range (7000000-7500000): 7674924.31"
FHV-P-5523,811893.08,7674924.31,"X fora do range (200000-800000): 811893.08; Y fora do range (7000000-7500000): 7674924.31"
FHV-P-5524,811893.08,7674924.31,"X fora do range (200000-800000): 811893.08; Y fora do range (7000000-7500000): 7674924.31"
FHV-P-5525,811893.08,7674924.31,"X fora do range (200000-800000): 811893.08; Y fora do range (7000000-7500000): 7674924.31"
FHV-P-5527,811893.08,7674924.31,"X fora do range (200000-800000): 811893.08; Y fora do range (7000000-7500000): 7674924.31"
FHV-P-5528,811893.08,7674924.31,"X fora do range (200000-800000): 811893.08; Y fora do range (7000000-7500000): 7674924.31"
FHV-P-5529,811893.08,7674924.31,"X fora do range (200000-800000): 811893.08; Y fora do range (7000000-7500000): 7674924.31"
FHV-P-5530,811893.08,7674924.31,"X fora do range (200000-800000): 811893.08; Y fora do range (7000000-7500000): 7674924.31"
FHV-P-5531,811893.08,7674924.31,"X fora do range (200000-800000): 811893.08; Y fora do range (7000000-7500000): 7674924.31"
FHV-P-5532,811893.08,7674924.31,"X fora do range (200000-800000): 811893.08; Y fora do range (7000000-7500000): 7674924.31"
FHV-P-5533,811893.08,7674924.31,"X fora do range (200000-800000): 811893.08; Y fora do range (7000000-7500000): 7674924.31"
FHV-P-5534,811893.08,7674924.31,"X fora do range (200000-800000): 811893.08; Y fora do range (7000000-7500000): 7674924.31"
FHV-P-5535,811893.08,7674924.31,"X fora do range (200000-800000): 811893.08; Y fora do range (7000000-7500000): 7674924.31"
FHV-P-5536,811893.08,7674924.31,"X fora do range (200000-800000): 811893.08; Y fora do range (7000000-7500000): 7674924.31"
FHV-P-5537,811893.08,7674924.31,"X fora do range (200000-800000): 811893.08; Y fora do range (7000000-7500000): 7674924.31"
FHV-P-5538,811893.08,7674924.31,"X fora do range (200000-800000): 811893.08; Y fora do range (7000000-7500000): 7674924.31"
FHV-P-5539,811893.08,7674924.31,"X fora do range (200000-800000): 811893.08; Y fora do range (7000000-7500000): 7674924.31"
FHV-P-5541,811893.08,7674924.31,"X fora do range (200000-800000): 811893.08; Y fora do range (7000000-7500000): 7674924.31"
FHV-P-5542,811893.08,7674924.31,"X fora do range (200000-800000): 811893.08; Y fora do range (7000000-7500000): 7674924.31"
FHV-P-5543,811893.08,7674924.31,"X fora do range (200000-800000): 811893.08; Y fora do range (7000000-7500000): 7674924.31"
FHV-P-5544,811893.08,7674924.31,"X fora do range (200000-800000): 811893.08; Y fora do range (7000000-7500000): 7674924.31"
FHV-P-5545,811893.08,7674924.31,"X fora do range (200000-800000): 811893.08; Y fora do range (7000000-7500000): 7674924.31"
FHV-P-5546,811893.08,7674924.31,"X fora do range (200000-800000): 811893.08; Y fora do range (7000000-7500000): 7674924.31"
FHV-P-5547,811893.08,7674924.31,"X fora do range (200000-800000): 811893.08; Y fora do range (7000000-7500000): 7674924.31"
FHV-P-5548,811893.08,7674924.31,"X fora do range (200000-800000): 811893.08; Y fora do range (7000000-7500000): 7674924.31"
FHV-P-5549,811893.08,7674924.31,"X fora do range (200000-800000): 811893.08; Y fora do range (7000000-7500000): 7674924.31"
FHV-P-5550,811893.08,7674924.31,"X fora do range (200000-800000): 811893.08; Y fora do range (7000000-7500000): 7674924.31"
FHV-P-5551,811893.08,7674924.31,"X fora do range (200000-800000): 811893.08; Y fora do range (7000000-7500000): 7674924.31"
FHV-P-5552,811893.08,7674924.31,"X fora do range (200000-800000): 811893.08; Y fora do range (7000000-7500000): 7674924.31"
FHV-P-5555,811893.08,7674924.31,"X fora do range (200000-800000): 811893.08; Y fora do range (7000000-7500000): 7674924.31"
FHV-P-5556,811893.08,7674924.31,"X fora do range (200000-800000): 811893.08; Y fora do range (7000000-7500000): 7674924.31"
FHV-P-5557,811893.08,7674924.31,"X fora do range (200000-800000): 811893.08; Y fora do range (7000000-7500000): 7674924.31"
FHV-P-5558,811893.08,7674924.31,"X fora do range (200000-800000): 811893.08; Y fora do range (7000000-7500000): 7674924.31"
FHV-P-5559,811893.08,7674924.31,"X fora do range (200000-800000): 811893.08; Y fora do range (7000000-7500000): 7674924.31"
FHV-P-5560,811893.08,7674924.31,"X fora do range (200000-800000): 811893.08; Y fora do range (7000000-7500000): 7674924.31"
FHV-P-5561,811893.08,7674924.31,"X fora do range (200000-800000): 811893.08; Y fora do range (7000000-7500000): 7674924.31"
FHV-P-5562,811893.08,7674924.31,"X fora do range (200000-800000): 811893.08; Y fora do range (7000000-7500000): 7674924.31"
FHV-P-5563,811893.08,7674924.31,"X fora do range (200000-800000): 811893.08; Y fora do range (7000000-7500000): 7674924.31"
FHV-P-5564,811893.08,7674924.31,"X fora do range (200000-800000): 811893.08; Y fora do range (7000000-7500000): 7674924.31"
FHV-P-5573,811893.08,7674924.31,"X fora do range (200000-800000): 811893.08; Y fora do range (7000000-7500000): 7674924.31"
FHV-P-5574,811893.08,7674924.31,"X fora do range (200000-800000): 811893.08; Y fora do range (7000000-7500000): 7674924.31"
FHV-P-5575,811893.08,7674924.31,"X fora do range (200000-800000): 811893.08; Y fora do range (7000000-7500000): 7674924.31"
FHV-P-5576,811893.08,7674924.31,"X fora do range (200000-800000): 811893.08; Y fora do range (7000000-7500000): 7674924.31"
FHV-P-5577,811893.08,7674924.31,"X fora do range (200000-800000): 811893.08; Y fora do range (7000000-7500000): 7674924.31"
FHV-P-5578,811893.08,7674924.31,"X fora do range (200000-800000): 811893.08; Y fora do range (7000000-7500000): 7674924.31"
FHV-P-5579,811893.08,7674924.31,"X fora do range (200000-800000): 811893.08; Y fora do range (7000000-7500000): 7674924.31"
FHV-P-5580,811893.08,7674924.31,"X fora do range (200000-800000): 811893.08; Y fora do range (7000000-7500000): 7674924.31"
FHV-P-5581,811893.08,7674924.31,"X fora do range (200000-800000): 811893.08; Y fora do range (7000000-7500000): 7674924.31"
FHV-P-5582,811893.08,7674924.31,"X fora do range (200000-800000): 811893.08; Y fora do range (7000000-7500000): 7674924.31"
FHV-P-5583,811893.08,7674924.31,"X fora do range (200000-800000): 811893.08; Y fora do range (7000000-7500000): 7674924.31"
FHV-P-5584,811893.08,7674924.31,"X fora do range (200000-800000): 811893.08; Y fora do range (7000000-7500000): 7674924.31"
FHV-P-5585,811893.08,7674924.31,"X fora do range (200000-800000): 811893.08; Y fora do range (7000000-7500000): 7674924.31"
FHV-P-5586,811893.08,7674924.31,"X fora do range (200000-800000): 811893.08; Y fora do range (7000000-7500000): 7674924.31"
FHV-P-5587,811893.08,7674924.31,"X fora do range (200000-800000): 811893.08; Y fora do range (7000000-7500000): 7674924.31"
FHV-P-5588,811893.08,7674924.31,"X fora do range (200000-800000): 811893.08; Y fora do range (7000000-7500000): 7674924.31"
FHV-P-5589,811893.08,7674924.31,"X fora do range (200000-800000): 811893.08; Y fora do range (7000000-7500000): 7674924.31"
FHV-P-5590,811893.08,7674924.31,"X fora do range (200000-800000): 811893.08; Y fora do range (7000000-7500000): 7674924.31"
FHV-P-5591,811893.08,7674924.31,"X fora do range (200000-800000): 811893.08; Y fora do range (7000000-7500000): 7674924.31"
FHV-P-5592,811893.08,7674924.31,"X fora do range (200000-800000): 811893.08; Y fora do range (7000000-7500000): 7674924.31"
FHV-P-5593,811893.08,7674924.31,"X fora do range (200000-800000): 811893.08; Y fora do range (7000000-7500000): 7674924.31"
FHV-P-5594,811893.08,7674924.31,"X fora do range (200000-800000): 811893.08; Y fora do range (7000000-7500000): 7674924.31"
FHV-P-5595,811893.08,7674924.31,"X fora do range (200000-800000): 811893.08; Y fora do range (7000000-7500000): 7674924.31"
FHV-P-5596,811893.08,7674924.31,"X fora do range (200000-800000): 811893.08; Y fora do range (7000000-7500000): 7674924.31"
FHV-P-5597,811893.08,7674924.31,"X fora do range (200000-800000): 811893.08; Y fora do range (7000000-7500000): 7674924.31"
FHV-P-5598,811893.08,7674924.31,"X fora do range (200000-800000): 811893.08; Y fora do range (7000000-7500000): 7674924.31"
FHV-P-5599,811893.08,7674924.31,"X fora do range (200000-800000): 811893.08; Y fora do range (7000000-7500000): 7674924.31"
FHV-P-5600,811893.08,7674924.31,"X fora do range (200000-800000): 811893.08; Y fora do range (7000000-7500000): 7674924.31"
FHV-P-5601,811893.08,7674924.31,"X fora do range (200000-800000): 811893.08; Y fora do range (7000000-7500000): 7674924.31"
FHV-P-5602,811893.08,7674924.31,"X fora do range (200000-800000): 811893.08; Y fora do range (7000000-7500000): 7674924.31"
FHV-P-5603,811893.08,7674924.31,"X fora do range (200000-800000): 811893.08; Y fora do range (7000000-7500000): 7674924.31"
FHV-P-5604,811893.08,7674924.31,"X fora do range (200000-800000): 811893.08; Y fora do range (7000000-7500000): 7674924.31"
FHV-P-5605,811893.08,7674924.31,"X fora do range (200000-800000): 811893.08; Y fora do range (7000000-7500000): 7674924.31"
FHV-P-5606,811893.08,7674924.31,"X fora do range (200000-800000): 811893.08; Y fora do range (7000000-7500000): 7674924.31"
FHV-P-5607,811893.08,7674924.31,"X fora do range (200000-800000): 811893.08; Y fora do range (7000000-7500000): 7674924.31"
FHV-P-5608,811893.08,7674924.31,"X fora do range (200000-800000): 811893.08; Y fora do range (7000000-7500000): 7674924.31"
FHV-P-5609,811893.08,7674924.31,"X fora do range (200000-800000): 811893.08; Y fora do range (7000000-7500000): 7674924.31"
FHV-P-5610,811893.08,7674924.31,"X fora do range (200000-800000): 811893.08; Y fora do range (7000000-7500000): 7674924.31"
FHV-P-5611,811893.08,7674924.31,"X fora do range (200000-800000): 811893.08; Y fora do range (7000000-7500000): 7674924.31"
FHV-P-5612,811893.08,7674924.31,"X fora do range (200000-800000): 811893.08; Y fora do range (7000000-7500000): 7674924.31"
FHV-P-5613,811893.08,7674924.31,"X fora do range (200000-800000): 811893.08; Y fora do range (7000000-7500000): 7674924.31"
FHV-P-5614,811893.08,7674924.31,"X fora do range (200000-800000): 811893.08; Y fora do range (7000000-7500000): 7674924.31"
FHV-P-5615,811893.08,7674924.31,"X fora do range (200000-800000): 811893.08; Y fora do range (7000000-7500000): 7674924.31"
FHV-P-7102,6512391208,7190625008,"Y fora do range (7000000-7500000): 7190625008"
FHV-P-7105,651418853,7190539.39,"X fora do range (200000-800000): 651418853"
FHV-P-7106,651197644,7190517.91,"X fora do range (200000-800000): 651197644"
FHV-P-7108,651092047,71905397287,"X fora do range (200000-800000): 651092047"
FHV-P-7115,6507814404,7191038825,"Y fora do range (7000000-7500000): 7191038825"
FHV-P-7187,651068555,71912254916,"X fora do range (200000-800000): 651068555"